Candidate Name,Website,Facebook,Twitter,Instagram,City,State,Name of race
Kate Knuth,https://mplsforkate.com/,,,,,Minnesota,Minneapolis Mayoral
David Rabbitt,http://davidrabbitt.com,https://www.facebook.com/David-Rabbitt-for-Supervisor-328226973359/,https://twitter.com/davidrabbitt,,,California,Sonoma County District 2 Supervisor
Graig Meyer,https://www.graigmeyer.com,Https://www.facebook.com/graigmeyer,https://www.twitter.com/graigmeyer,,,North Carolina,State Representative
Rebecca Waber,https://www.rebeccawaber.com/,https://www.facebook.com/RebeccaWaberNeedhamSchool/,,,,Massachusetts,Needham School Committee
Michael O'Brien,https://www.mikeforneedham.com/,https://www.facebook.com/pg/MikeforNeedhamSchools/posts/,,,,Massachusetts,Needham School Committee
Elizabeth Anne Lee,https://www.votelizlee.com/,https://www.facebook.com/LizLeeSC/,,,,Massachusetts,Needham School Committee
Lakshmi Balachandra,https://www.lakshmiforneedham.org/,https://www.facebook.com/pages/category/Political-Candidate/Lakshmi-for-Needham-Select-Board-103754368413257/,https://twitter.com/proflb,,,Massachusetts,Needham Select Board
Maurice Handel,https://www.moehandel.com/,https://www.facebook.com/maurice.handel,https://twitter.com/handelmoe,,,Massachusetts,Needham Select Board
Khrystian King,https://www.king4worcester.org/,https://www.facebook.com/King4StateRep/,,,,Massachusetts,Worcester Councilor-at-Large
Kate Toomey,https://katetoomey.com/,https://www.facebook.com/katetoomeyforcitycouncil/,https://twitter.com/KateToomey,,,Massachusetts,Worcester
Joseph Petty,http://www.pettyformayor.com/,https://www.facebook.com/mayorjoepetty/,https://twitter.com/mayorpetty,,,Massachusetts,Worcester Mayor
Guillermo Creamer Jr,https://guillermoforwoo.com/,https://www.facebook.com/CreamerJr/,https://twitter.com/guillermoforwoo,,,Massachusetts,Worcester Councilor-at-Large
Donna Colorio,http://donnacolorio.com/,https://www.facebook.com/DonnaColorio/,https://twitter.com/donnacolorio,,,Massachusetts,Councilor-at-Large
Deborah Hall,https://www.debforworcester.com/,https://www.facebook.com/debforworcester/,,,,Massachusetts,Councilor-at-Large
Crystal Smitherman,https://www.crystalfordistrict6.com/,https://facebook.com/crystalfordistrictsix,,,,Alabama,City Council District Six Birmingham
Alisha Sonnier,https://alisha4slps.wordpress.com/,https://www.facebook.com/AlishaSonnierForSLPS,,,,Missouri,St. Louis Public Schools Board of Education
Mina Davis,http://www.minaforhuttoisd.com/,https://www.facebook.com/organizeralways,https://twitter.com/minaforhuttoisd,,,Texas,Hutto Independent School District Board of Trustees
Erica Spann,http://www.voteericaspann.org/,https://www.facebook.com/VoteEricaSpann,,,,Massachusetts,Ayer-Shirley Regional School District Committee
Kelly Mason,https://kellymason.nationbuilder.com/,https://www.facebook.com/friendsofkellymason,,,,Oregon,"Springfield School District, Position 5"
Peter Argeropoulos,https://www.argeropoulosforschoolboard.org/,https://www.facebook.com/ArgeropoulosNH,https://twitter.com/ArgeropoulosNH,,,New Hampshire,"Manchester School Committee, At Large"
Holly Terrill,https://www.kansansforholly.org/,https://www.facebook.com/Holly-Terrill-for-School-Board-101164175534602,https://twitter.com/holly_terrill,,,Kansas,"Wichita USD 259 School Board, District 6"
Darwin Peters II,https://www.darwinforcpsd.com/,https://www.facebook.com/darwinforcpsd,,,,Washington,"Clover Park School District, District 3"
Uriah Ward,http://uriahward.com/,https://www.facebook.com/uriahforstpaul,https://twitter.com/uriahstp,,,Minnesota,"St. Paul School Board, At-Large"
Alecia Cunningham,https://www.electaleciacunningham.com/,,,,,Washington,https://www.electaleciacunningham.com/
Lindsay Gillis,https://www.electlindsaygillis.com/,https://www.facebook.com/electlindsaygillis,https://twitter.com/ElectLGillis,,,Ohio,Dublin School Board
Kelsey Waits,https://www.kelseywaits.com/,https://www.facebook.com/kelseywaitsMN/,https://twitter.com/kelseywaitsmn,,,Minnesota,Hastings School Board ISD 200
Danielle Chesek,,https://www.facebook.com/DanielleChesekforScrantonSchoolBoard,,,,Pennsylvania,Scranton School Board
Cory Thoma,,https://www.facebook.com/Cory4Hempfield,,,,Pennsylvania,"Hempfield Area School Board, At Large"
Jamie Piotrowski,https://www.jamieforschoolboard.com/,https://www.facebook.com/Jamie4SchoolBoard,https://twitter.com/JamiePio_Pgh,,,Pennsylvania,"Pittsburgh Public School Board, District 7"
Christopher Jaramillo,https://sites.google.com/view/chrisjfornasdschoolboard/home,https://www.facebook.com/VoteChrisJ,,,,Pennsylvania,Norristown Area School District Board of School Directors
Kayla Cocci,https://linktr.ee/Cocci4Schoolboard21,https://www.facebook.com/Cocci-For-Ridley-School-Board-107411571389528,,,,Pennsylvania,"Ridley School Board, At Large"
Tom Hasani,https://tomhasani.com/,https://www.facebook.com/tamim.hasani,,,,Pennsylvania,"Upper Moreland Township Board of School Directors, At Large,"
Halla Henderson,https://www.hallaforspps.com/,https://www.facebook.com/hallaforspps,https://twitter.com/hallaforspps,,,Minnesota,"St. Paul School Board, At-Large"
Matt Dymoke,https://www.mattforbloomington.com/,https://www.facebook.com/mattforbloomington,,,,Minnesota,Bloomington Public Schools ISD 271 school board
Nithya Raman,https://nithyaforthecity.com,,,,,,
"Thu Nguyen, Worcester, Councilor-at-Large",https://www.votethu.com/,https://www.facebook.com/votethu/,https://twitter.com/vote_thu,,,,
"Matthew E. Wally, Worcester, Councilor-at-Large",https://www.wallyforworcester.com/,https://www.facebook.com/WallyForWorcester/,,,,,
"Khrystian King, Worcester, Councilor-at-Large",https://www.king4worcester.org/,https://www.facebook.com/King4StateRep/,,,,,
"Kate Toomey, Worcester, Councilor-at-Large",https://katetoomey.com/,https://www.facebook.com/katetoomeyforcitycouncil/,https://twitter.com/KateToomey,,,,
"Joseph Petty, Worcester, Mayor",,https://www.facebook.com/MayorPetty,https://twitter.com/mayorpetty,,,,
"Guillermo Creamer Jr, Worcester, Councilor-at-Large",https://guillermoforwoo.com/,https://www.facebook.com/CreamerJr/,https://twitter.com/guillermoforwoo,,,,
"Donna Colorio, Worcester, Councilor-at-Large",http://donnacolorio.com/,https://www.facebook.com/DonnaColorio/,https://twitter.com/donnacolorio,,,,
"Deborah Hall, Worcester, Councilor-at-Large",https://www.debforworcester.com/,https://www.facebook.com/debforworcester/,https://twitter.com/debforworcester,,,,
Shelby Labs,https://shelbyforpa.com/,https://www.facebook.com/ShelbyforPA/,,,,,
"Daryl Quick, City of Durham NC, Mayor",https://dquickcs.wixsite.com/darylquick4mayor,,,,,,
Rebecca Niess Cingolani,https://rcforsc.com/,https://www.facebook.com/rebeccaforscdistrict110,https://twitter.com/RCforSC,,,,
Rebecca Maurer,https://www.rebeccaforcleveland.com,https://www.facebook.com/rebeccaforcleveland,https://twitter.com/rebecca__maurer,https://www.instagram.com/rebeccaforcleveland,,OH,"Cleveland City Council, Ward 12"
Ryan Lineaweaver,http://www.votewestreading.com,https://www.facebook.com/votewestreading,,https://www.instagram.com/votewestreading,,PA,West Reading Borough Council
Rogelio Arcila,https://voterogelio.com/,https://www.facebook.com/voteforrogelio,https://twitter.com/voterogelio,https://www.instagram.com/voterogelio,,GA,"Atlanta City Council, District 4"
Genesis Ramos,https://genesisforlegislator.com/,https://www.facebook.com/genesisforlegislator,,https://www.instagram.com/genesisforlegislator/,,NY,"Orange County Legislature, District 6"
Grant Fleegle,https://www.wardandfleegle4council.com/,https://www.facebook.com/wardandfleegle4council/,,https://www.instagram.com/wardandfleegle4council/,,PA,New Castle City Council
Rebecca Like,https://www.rebeccalike.org,https://www.facebook.com/rebeccalike4prosecutor,https://twitter.com/kauaibecky,https://www.instagram.com/rebecca_like_for_prosecutor,,HI,Kauai Prosecuting Attorney
Zachary Joseph,https://josephforriverside.square.site/,https://www.facebook.com/josephforriverside,,,,OH,Riverside City Council
Jasmine Flores,,https://www.facebook.com/floresforerie/,https://twitter.com/floresforerie,https://www.instagram.com/floresforerie/,,PA,Erie City Council
Liliana Bakhtiari,http://www.lilianaforatlanta.com,https://www.facebook.com/lilianaforatlanta,https://twitter.com/lilianaforatl,https://www.instagram.com/lilianaforatlanta,,GA,"Atlanta City Council, District 5"
Alex Myers,https://hatborodems.org/alex/,https://www.facebook.com/alexmyersforhatborocouncil,,,,PA,"Hatboro Borough Council, At-Large"
Ajmeri Hoque,http://www.ajmeriforohio.com/,https://www.facebook.com/ajmerifordublin,https://twitter.com/ajmerifor,https://www.instagram.com/ajmerifordublin,,OH,"Dublin City Council, Ward 1"
Richie Floyd,https://www.richiefloyd.com,https://www.facebook.com/richiefloydstpete,https://twitter.com/richiejfloyd,https://www.instagram.com/richiejfloyd,,FL,"St. Petersburg City Council, District 8"
Judge Heela Capell,https://www.heelaforcivilcourt.com/,https://www.facebook.com/heela.capell,,https://www.instagram.com/heela_for_civil_court/,,NY,Kings County Civil Court Judge
Nick Rubando,https://nickrubando.com/,https://www.facebook.com/rubandoforchange/,https://twitter.com/nickrubando,https://www.instagram.com/rubandoforchange/,,OH,"Bowling Green City Council, Ward 1"
Laura Nordstrom,https://nordstromforward7.com/,https://www.facebook.com/nordstromforward7,,,,NY,"Kingston Common Council, Ward 7"
David Ward,https://www.wardandfleegle4council.com/about,,,,,PA,New Castle City Council
Kerri-Ann Nesbeth,https://www.kerriannnesbeth.com,https://www.facebook.com/kerriannnesbeth,https://twitter.com/kerriannnesbeth,https://www.instagram.com/kerriannnesbeth/,,FL,"Miramar City Commission, Seat 1"
Moumita Ahmed,https://votemoumita.com/,https://www.facebook.com/votemoumita/,https://twitter.com/disruptionary,https://www.instagram.com/votemoumita/?hl=en,,NY,"New York City Council, District 24"
Sean Beck,,https://www.facebook.com/beckforada,https://twitter.com/seanbeck2011,,,OH,"Ada City Council, At Large"
Nashra Mohammed,http://nashramohammed.com/,https://www.facebook.com/votefornashra/,https://twitter.com/votefornashra,https://www.instagram.com/votefornashra/,,IL,Lincolnwood Distrct 74 School Board
Megan Scott,https://meganscottforokc.com,https://www.facebook.com/megan4okc,https://twitter.com/meganscottokc,https://www.instagram.com/meganscottforokc/,,OK,"Oklahoma City Council, Ward 1"
Madeline Ranalli,https://www.ranallifornewton.com/,https://www.facebook.com/ranallifornewton,https://twitter.com/madelineranalli,https://www.instagram.com/ranallifornewton/,,MA,"Newton City Council, Ward 1, At-Large"
RJ Sheedy,,https://www.facebook.com/rj4milford,https://twitter.com/rj4milford,https://www.instagram.com/rj4milford/,,MA,Milford School Committee
Selvena Brooks Powers,https://www.selvena.com/,https://www.facebook.com/selvena.brooks/,https://twitter.com/powers4queens,https://www.instagram.com/powers4queens/,,NY,"New York City Council, District 31"
Chama St. Louis,http://www.chamastlouis.com,https://www.facebook.com/cstl2021,https://twitter.com/cstl2021,https://www.instagram.com/cstl2021,,IL,Mayor of Peoria
Marche Johnson,https://www.marcheonthemove.com,https://www.facebook.com/marcheonthemove,https://twitter.com/marche4d3,https://www.instagram.com/marche4d3,,AL,"Montgomery City Council, District 3"
Maia Pearson,https://www.maiapearson.com,https://www.facebook.com/maia4mmsd/,,https://www.instagram.com/maiaepearson/,,WI,"Madison Board of Education, Seat 1"
Jackie Gunderson,,https://www.facebook.com/jackieforblm,https://twitter.com/jackieforblm,https://www.instagram.com/jackieforblm,,IL,Mayor of Bloomington
David Hoffert,http://www.davidhoffert.com,https://www.facebook.com/hoffertforalder,https://twitter.com/hoffertforalder,https://www.instagram.com/hoffertforalder,,WI,"Madison City Council, District 13"
Anne Schweitzer,https://www.anneschweitzer.com/,https://www.facebook.com/citizens-for-anne-schweitzer-108588423902668/?modal=admin_todo_tour,https://twitter.com/schweitzer88,,,MO,"St. Louis Board of Aldermen, 13th Ward"
Gail Schnitzer Eisenberg,http://www.votegail.com,https://www.facebook.com/gailfornewtriertownship/,https://twitter.com/gail_eisenberg,,,IL,New Trier Township Supervisor
Gavin Cunningham,,https://www.facebook.com/cunninghamforu5,,https://www.instagram.com/cunninghamforu5/,,IL,"McLean County School Board, Unit 5"
Nathaniel Groh,https://www.democratsforpalatinetownship.org/nathaniel,https://www.facebook.com/democratsforpalatinetownship,https://twitter.com/groh_nathaniel,,,IL,Palatine Township Trustee
Dr. Ian Shadrick,https://www.electianshadrick.com,https://www.facebook.com/electianshadrick,https://twitter.com/ishadrickforjc,,,MO,Jefferson City Board of Education
Nathaniel George Booker,http://www.maywoodtogether2021.org,https://www.facebook.com/nathanielgeorgebooker.com,https://twitter.com/ngbooker,https://www.instagram.com/ngbooker,,IL,Mayor of Maywood
Juliana Bennett,https://www.julianabennettfordistrict8.com/,https://www.facebook.com/juforyoudistrict8,https://twitter.com/juforyoud8,https://www.instagram.com/julianafordistrict8/,,WI,"Madison City Council, District 8"
Carl Jacobs,https://www.carl4anchorage.com/,https://www.facebook.com/carl4anchorage,https://twitter.com/carl4anchorage,,,AK,"Anchorage School District School Board, Seat G"
Stacy Ellis,https://www.stacyellisforantiochmayor.com/,https://www.facebook.com/ellisforantioch/,,,,IL,Mayor of Antioch
Alisha Sonnier,https://alisha4slps.wordpress.com,https://www.facebook.com/alishasonnierforslps,,,,MO,St. Louis Public Schools Board of Education
Harrison Wendt,https://www.harrison4durango.com/,https://www.facebook.com/harrison4durango,,https://www.instagram.com/harrison4durango,,CO,Durango City Council
Sandra Gonzalez,https://www.sandrag4wcc.com/,https://www.facebook.com/sandrag4wcc,,https://www.instagram.com/sandrag4wcc,,IL,"Waubonsee Community College College Board, District 516"
Kevin Hall,https://www.votekhall.com,https://www.facebook.com/votekhall/,,,,IL,Edwardsville Township Supervisor
Amy Burrell,https://www.oneorland.com/,https://www.facebook.com/amyburrellop,https://twitter.com/amyburrellop,https://www.instagram.com/amyburrellop/,,IL,Village of Orland Park Board of Trustees
Bryan Cole,http://www.bcolemilford.com,https://www.facebook.com/bcolemilford,https://twitter.com/bcolemilford,https://www.instagram.com/bcolemilford,,MA,Milford Planning Board
Heather Hardinger,http://www.heatherforcouncil.com,https://www.facebook.com/heather4councilsgf,https://twitter.com/everstrange,,,MO,"Springfield City Council, General Seat A"
Jeremy Brzycki,http://www.electjeremybrzycki.com/,https://www.facebook.com/electbrzycki,https://twitter.com/jeremyforjoliet,,,IL,"Joliet City Council, At-Large"
Brian LaVaque,https://lombardforlavaque.com/,https://www.facebook.com/lombard-for-lavaque-101159815345452,https://twitter.com/brian_lavaque,https://www.instagram.com/brianlavaque/,,IL,"Lombard City Council, District 1"
Arjun Nair,https://www.arjunforalderman.com,https://www.facebook.com/nairforthe10thward,https://twitter.com/electnair,,,IL,"Aurora City Council, 10th Ward"
Molly Ooten,http://mollyooten.com,https://www.facebook.com/mollyooten.ok,https://twitter.com/mollyooten,https://www.instagram.com/mollyooten.ok/,,OK,"Oklahoma Senate, District 22"
Andrea Waner,https://andreawaner.com/,https://www.facebook.com/voteandreawaner,,,,MO,"Columbia City Council, Ward 2"
Patrick Lawler,http://peoplefirstcoalition.com/,https://www.facebook.com/lawlerforward5/,https://twitter.com/lawlerforward5,https://www.instagram.com/lawlerforward5/,,IL,"Bloomington City Council, Ward 5"
Chaundra Bishop,http://www.votechaundra.com,https://www.facebook.com/chaundraforchampaigncoroner,https://twitter.com/votechaundra,https://www.instagram.com/chaundraforchampaign/,,IL,"Urbana City Council, Ward 5"
Kelby Cumpston,http://peoplefirstcoalition.com/kelbyforward7/,https://www.facebook.com/kelbyforward7/,https://twitter.com/kelbyforward7,https://www.instagram.com/kelbyforward7,,IL,"Bloomington City Council, Ward 7"
Ricardo Martinez,,https://www.facebook.com/ricardomartinezdist204,https://twitter.com/board_lt,https://www.instagram.com/ricardo_lt_d204/,,IL,Lyons Township District 204 School Board
Bryan Amezquita,https://www.bryan4rockford.com/,https://www.facebook.com/bryanamezquita4ward,,https://www.instagram.com/bryan4alderman/,,IL,Rockford City Council
Rachel Giuliani Hagenbaugh,https://www.rachelforcitycouncil.com,https://www.facebook.com/rachelforcitycouncil,https://twitter.com/rachel4npr,https://www.instagram.com/rachelforcitycouncil,,FL,New Port Richey City Council
Adam Bazaldua,https://www.bazaldua4dallas.com/,https://www.facebook.com/bazaldua4dallas,https://twitter.com/adambazaldua,https://www.instagram.com/bazalduafordallas/,,TX,"Dallas City Council, District 7"
Jalen McKee-Rodriguez,http://www.votejalen.com,https://www.facebook.com/votejalen,https://twitter.com/theloserteacher,https://www.instagram.com/theloserteacher,,TX,"San Antonio City Council, District 2"
Mary Ann Ruiz,https://votemaryannruiz.com/,https://www.facebook.com/votemaryannruiz/,https://twitter.com/maryannruiz_esq,https://www.instagram.com/maryannruiz_esq/,,FL,"South Miami City Council, Group 3"
Crystal DÃ¡vila,http://www.educatorsforpisd.com,https://www.facebook.com/educatorsforpasadenaisd,,https://www.instagram.com/educatorsforpisd/,,TX,"Pasadena ISD School Board, Position 2"
Elizabeth Beck,https://elizabethforfortworth.com/,https://www.facebook.com/elizabethfordistrict9,https://twitter.com/elizabethfortx,https://www.instagram.com/elizabethfordistrict9/,,TX,"Fort Worth City Council, District 9"
Gabrien Gregory,https://votegregory.com/,https://www.facebook.com/gabriengregory,https://twitter.com/gabriengregory,https://www.instagram.com/gabriengregory/,,TX,"San Antonio City Council, District 10"
Paige Dixon,https://paigefortexas.com/,https://www.facebook.com/paigeforlisd/,https://twitter.com/paigeforlisd/,https://www.instagram.com/paigeforlisd/,,TX,"Lewisville ISD School Board, Place 1"
Mina Davis,http://www.minaforhuttoisd.com,https://www.facebook.com/organizeralways,https://twitter.com/minaforhuttoisd,https://www.instagram.com/organizeralways/,,TX,Hutto Independent School District Board of Trustees
Cydnei Drake,https://www.drakeforcfb.com/,https://www.facebook.com/voteforcydneidrake,https://twitter.com/cydneidrake,https://www.instagram.com/voteforcydneidrake/,,TX,Carrollton Farmers Branch School Board
Hosanna Yemiru,https://www.hosannafordallas.com/,https://www.facebook.com/hosanna4dallas,https://twitter.com/hosanna4dallas,https://www.instagram.com/hosanna4dallas/,,TX,"Dallas City Council, District 11"
Diana Saleh,https://www.dianaforarlington.com/,https://www.facebook.com/dianaforarlington,,https://www.instagram.com/dianaforarlington/,,TX,"Arlington City Council, District 3"
Alison Maguire,https://alisonfordenton.com,https://www.facebook.com/alisonfordenton,https://twitter.com/alisonfordenton,https://www.instagram.com/alisonfordenton,,TX,"Denton City Council, District 4"
Janneke Parrish,https://www.jannekeforroundrock.com/,https://www.facebook.com/jannekeparrishrr,https://twitter.com/jannekeparrish,,,TX,Round Rock City Council
Rafael 'Rafa' Diaz,https://www.votediaz.com,https://www.facebook.com/rafaelforjudson,,,,TX,"Judson ISD, District 7 At-Large"
Roxanne Martinez,https://roxanne4fwisd.com/,https://www.facebook.com/roxanne4fwisd/,https://twitter.com/roxanne4fwisd,https://www.instagram.com/roxanne4fwisd/,,TX,"Fort Worth ISD Board of Trustees, District 9"
Nassat Parveen,https://nassat4plano.com/,https://www.facebook.com/nassatforplano,,https://www.instagram.com/nassatforplano/,,TX,"Plano City Council, Place 4"
Mark Vargas,https://mark4sa.com/,https://www.facebook.com/mark4sa,https://twitter.com/mark4sa,https://www.instagram.com/mark4sa/,,TX,"San Antonio City Council, District 3"
Stephanie Bell,https://steffieb.com,https://www.facebook.com/steffiebforflomo,,,,TX,Mayor of Flower Mound
Clayton Tucker,https://www.claytontuckertx.com/,https://www.facebook.com/claytontuckertexas/,https://twitter.com/claytontuckertx,https://www.instagram.com/claytontuckertx/,,TX,"Lampasas City Council, Place 1"
Jennifer Long,,https://www.facebook.com/momsrunheb,https://twitter.com/momsrunheb,https://www.instagram.com/momsrunheb,,TX,"Hurst-Euless-Bedford ISD, Place 5"
Chelsea Pavey,https://www.chelseaforgrandprairie.com/,https://www.facebook.com/chelseaforgrandprairie,,,,TX,"Grand Prairie City Council, Place 8, At Large"
Jen Rossi,https://collingswoodtogether.org/,https://www.facebook.com/collingswoodtogether2021,https://twitter.com/ctogether2021,https://www.instagram.com/collingswoodtogether2021/,,NJ,Collingswood Board of Commissioners
Dr. Jared Williams,https://www.drjaredwilliams.com/,https://www.facebook.com/drjaredwilliams,https://twitter.com/drjared4fw,https://www.instagram.com/drjaredwilliams/,,TX,"Fort Worth City Council, District 6"
Nick Beaven,https://www.nickforwyandotte.com,,,,,MI,Wyandotte City Council
Ali Ramos,https://aliforamarillo.com,https://www.facebook.com/aliforamarillo,,,,TX,"Amarillo City Council, District 13"
Mary D. Harris,https://marydanielleharris.com,https://www.facebook.com/maryharristx/,https://twitter.com/maryharristx,https://www.instagram.com/marydharristx/,,TX,"Wylie City Council, Place 4"
Ariela Martinez,,https://www.facebook.com/arielaforcisd,,,,TX,"Castleberry ISD Board of Education, Place 3"
Junior Ezeonu,https://www.votejuniorezeonu.com,https://www.facebook.com/votejuniorezeonu,https://twitter.com/callmejre,https://www.instagram.com/callmejre,,TX,"Grand Prairie City Council, Place 8"
Kassandra Timothe,https://kassandratimothe.com/,https://www.facebook.com/ktfornomi,https://twitter.com/kassandrat2021,https://www.instagram.com/kassandratimothe/,,FL,"North Miami City Council, District 2"
Jasmine L. Harris,https://www.voteforjasmine.com,https://www.facebook.com/jasmineformayor,https://twitter.com/jasmineformayor,https://www.instagram.com/jasminelharris/,,NE,Mayor of Omaha
Erica Spann,http://www.voteericaspann.org,https://www.facebook.com/voteericaspann,,https://www.instagram.com/voteericaspann/,,MA,Ayer-Shirley Regional School District Committee
Sherlyna Hanna,https://www.hannaforhyattsville.com,https://www.facebook.com/search/top?q=sherlyna%20hanna%20for%20hyattsville%20city%20council%20-%20ward%203,,https://www.instagram.com/hannaforhyattsville/,,MD,"Hyattsville City Council, Ward 3"
Adam Gutbezahl,https://adamforwayland.org,https://www.facebook.com/adamforwayland,,https://www.instagram.com/adamforwayland,,MA,Wayland Board of Selectmen
Kelly Mason,https://kellymason.nationbuilder.com,https://www.facebook.com/friendsofkellymason,,,,OR,"Springfield School District, Position 5"
Caseen Gaines,http://www.forhackensack.com,https://www.facebook.com/forhackensacksfuture,,https://www.instagram.com/forhackensack,,NJ,Hackensack City Council
Lawson Condrey,https://www.condreyforportland.com/,https://www.facebook.com/condrey4portland,,https://www.instagram.com/condrey4portland/,,ME,"Portland, Charter Commission, At-Large"
Alfredo HernÃ¡ndez,,https://www.facebook.com/hernandezncwpdr,,,,CA,"Westchester-Playa Del Rey Neighborhood Council, At-Large"
J. Manny Mahnesmith,,https://www.facebook.com/vote.manny.mahnesmith,,https://www.instagram.com/vote.4.manny/,,OR,"River Road Park & Recreation District Board, Position 5"
Amy Jimenez,https://amyjimenez.org/,https://www.facebook.com/amyjimenez310/,https://twitter.com/amyjime64306564,https://www.instagram.com/amyjimenez2021/,,CA,Mayor of Compton
James Aguilar,https://www.jamesforcalifornia.com,https://www.facebook.com/trusteejamesaguilar,https://twitter.com/iamjamesaguilar,https://www.instagram.com/iamjamesaguilar,,CA,"California Assembly, District 18"
Ryan Lizanecz,https://ryanforportland.com,https://www.facebook.com/ryanforportland/,https://twitter.com/ryanforportland,https://www.instagram.com/ryan4portland/,,ME,"Portland Charter Commissioner, District 5"
Alaina Reaves,https://www.alainaforclayton.com/,https://www.facebook.com/alainaforclayton,https://twitter.com/alainaforclayco,https://www.instagram.com/alainaforclayton/,,GA,"Clayton County Board of Commissioners, District 1"
Elizabeth Downing Wanczak,https://liz4alderman.com/,https://www.facebook.com/liz4alderman,https://twitter.com/liz4alderman,https://www.instagram.com/liz4alderman/,,TN,"Franklin Alderman, Ward 4"
Shenika Carter,https://www.shenikacarter4citycouncil.org,,,https://www.instagram.com/_shenikacarter/,,CO,"Commerce City Council, At-Large"
Geena Pham,https://www.phamforri.com,https://www.facebook.com/phamforri,https://twitter.com/phamforri?lang=en,,,RI,"Rhode Island Senate, District 3"
Corrie Cring,https://corriecring.com/,https://www.facebook.com/cc4chesapeake,https://twitter.com/cc4chesapeake,https://www.instagram.com/cc4chesapeake/,,VA,Chesapeake City Treasurer
Rebecca Beres,https://ephrataforeveryone.com,,,https://www.instagram.com/ephrataforeveryone,,PA,"Ephrata Borough Council, Ward 2"
Rod Hickman,https://www.rodhickman.com,https://www.facebook.com/hickmanfordistrict32,,,,MS,"Mississippi Senate, District 32"
"Delmarina LÃ³pez, Esq.",https://www.electdelmarinalopez.com,https://www.facebook.com/electdelmarinalopez,,https://www.instagram.com/electdelmarinalopez/,,MA,"Chicopee City Council, Ward 3"
Amy Smith,,https://www.facebook.com/amyforwhitehall,,,,OH,"Whitehall City Council, Ward 3"
Raphael Morales,https://raphmorales.com,https://www.facebook.com/raphael.morales.1447,https://twitter.com/raphaelwnc,https://www.instagram.com/humblebreathing,,NC,"Hendersonville City Council, At-Large"
Dan Olson,https://www.olson.school,https://www.facebook.com/olson2021,https://twitter.com/twoskoops,https://www.instagram.com/fromthegreatfrozennorth/,,MN,Minnetonka ISD 276 School Board
Leonardo 'Leo' Williams,https://leofordurham.com/,https://www.facebook.com/leo4durham,https://twitter.com/leofordurham,https://www.instagram.com/leofordurham/,,NC,"Durham City Council, Ward 3"
Thu Nguyen,https://www.votethu.com/,https://www.facebook.com/votethu,https://twitter.com/vote_thu,https://www.instagram.com/votethu/,,MA,"Worcester City Council, At- Large"
Eli Sabin,https://elisabin.com,https://www.facebook.com/elisabin2021,https://twitter.com/eli_sabin,https://www.instagram.com/eli_sabin,,CT,"New Haven City Council, Ward 7"
Bryan Haynes,https://www.choosehaynes4fv.com,https://www.facebook.com/choosehaynes4fv,,https://www.instagram.com/choosehaynes4fv,,NC,Fuquay-Varina Town Commission
Jamell Johnson,https://www.jamellforle.com/,https://www.facebook.com/jamellforle,https://twitter.com/jamellforle,https://www.instagram.com/jamellforle/,,TX,"Little Elm Town Council Place 1, At-Large"
Azrin Awal,https://www.voteazrin.com/,https://www.facebook.com/voteazrin/,,https://www.instagram.com/voteazrin/,,MN,"Duluth City Council, At-Large"
Andrew Davis,https://www.andrewdavisforug.org/,https://www.facebook.com/andrewdavisforug/,,https://www.instagram.com/andrewdavisforug/,,KS,"Wyandotte County Unified Government, District 8"
AJ Harris,https://ajforcfalls.com,https://www.facebook.com/ajharrisoh,https://twitter.com/ajharrisoh,https://www.instagram.com/ajharrisoh/,,OH,Cuyahoga Falls Board of Education
Keara R. Dever,https://www.deverforclerk.com/,https://www.facebook.com/deverforclerk,https://twitter.com/deverforclerk,https://www.instagram.com/deverforclerk/?hl=en,,OH,Kettering Municipal Court Clerk
Riley Alton,https://rileyalton.com/,https://www.facebook.com/rileyaltonforus,https://twitter.com/raaltonoh,https://www.instagram.com/rileyaltonforus,,OH,Olmsted Township Trustee
Zachery Fuller,http://fullerforchange.com/,https://www.facebook.com/fullerforchange,https://twitter.com/fullerforchange,https://www.instagram.com/fullerforchange/,,GA,"Griffin City Commission, District 5"
Precious Singo,https://www.precioussingo.com/,https://www.facebook.com/singoishereforus/,,https://www.instagram.com/singoishereforus/,,OH,New Albany Plain Local School Board of Education
Saul Eugene,https://saulforslp.com,https://www.facebook.com/saul-eugene-for-saint-louis-park-city-council-ward-3-100921148969051,https://twitter.com/sauleugene49?lang=en,https://www.instagram.com/saul.eugene/?hl=en,,MN,"Saint Louis Park City Council, Ward 3"
Lauren Holt,https://www.laurenholt4mdj.com,https://www.facebook.com/lauren-holt-for-magisterial-district-judge-104203444963831,,,,PA,"Magisterial District Judge, District 15-4-01"
AJ Williams,https://www.ajfordurham.com/,https://www.facebook.com/ajfordurham,https://twitter.com/ajfordurham,https://www.instagram.com/ajfordurham/,,NC,"Durham City Council, Ward 3"
Hannah Gay Keao,https://hannahforedgewater.com/,https://www.facebook.com/hannahforedgewater,https://twitter.com/hannahgaykeao,https://www.instagram.com/hannahgaykeao/,,CO,"Edgewater City Council, At Large"
Peter J. Argeropoulos,https://www.argeropoulosforschoolboard.org/,https://www.facebook.com/argeropoulosnh,https://twitter.com/argeropoulosnh,,,NH,"Manchester School Committee, At Large"
Olena Nicks,https://www.olenanicks.com/,https://www.facebook.com/olenanicksfortoh/,https://twitter.com/nicksfortoh,,,NY,Hempstead Town Clerk
Jordan Thompson,https://jordanfornashua.com,,https://twitter.com/jordanfornh,,,NH,"Nashua Board of Aldermen, Ward 6"
Robbie Hinkel,https://www.robbiefordover.com,https://www.facebook.com/robbiefordover,https://twitter.com/robbiefordover,https://www.instagram.com/robbiefordover,,NH,"Dover City Council, Ward 2"
Samantha Kaag,https://votewestreading.com,https://www.facebook.com/samkaag4westreading,https://twitter.com/samanthakaag,https://www.instagram.com/samkaag4westreading,,PA,Mayor of West Reading
Holly Terrill,https://www.kansansforholly.org,https://www.facebook.com/holly-terrill-for-school-board-101164175534602,https://twitter.com/holly_terrill,,,KS,"Wichita USD 259 School Board, District 6"
Sparkle Anthony,,https://www.facebook.com/sparkleforutica/,,,,NY,"Utica City Council, At-Large"
Burhan Azeem,https://voteburhan.com,https://www.facebook.com/burhanforcouncil,https://twitter.com/realburhanazeem,https://www.instagram.com/burhanforcouncil,,MA,"Cambridge City Council, At-Large"
Palana Hunt-Hawkins,http://www.palanaformayor.com,https://www.facebook.com/palanaformayor,https://twitter.com/palanaformayor,https://www.instagram.com/palanaformayor,,NH,Mayor of Rochester
Liz Olhsson,https://www.lizolhsson.com,https://www.facebook.com/lizforlakehaven,https://twitter.com/lizolhsson,,,WA,"Lakehaven Water & Sewer Commissioner, Position 5"
Linnea Nemeth,https://linneafordover.com/,https://www.facebook.com/linnea4dover,https://twitter.com/nemeth_linnea,,,NH,"Dover City Council, At Large"
Joanna Kelley,,,,,,NH,"Portsmouth City Council, At Large"
Sean Sargent,,https://www.facebook.com/ward8sean/,,,,NH,"Manchester City Council, Ward 8"
Janeth Vazquez,https://www.janethvazquez.com,https://www.facebook.com/janethvazquezforliberal,,,,KS,Liberal City Council
Ben Dion,,https://www.facebook.com/bendionschoolboardward9,https://twitter.com/bendionnh,https://www.instagram.com/bendionnh,,NH,"Manchester School Board, Ward 9"
Heidi Garrido,http://www.heidigarrido.com,https://www.facebook.com/garridoforhopkins,https://twitter.com/garrido4hopkins,https://www.instagram.com/garrido4hopkins,,MN,Hopkins City Council
Anthony Sposato,,https://www.facebook.com/sposatoforsayreville,,,,NJ,Sayreville Board of Education
Jermoh Kamara,,https://www.facebook.com/jermoh4wps/,https://twitter.com/jermoh4wps?lang=en,,,MA,Worcester School Committee
Jackie Glass,https://www.jackie4norfolk.com/,https://www.facebook.com/jackie4norfolk,https://twitter.com/jackie4norfoll,https://www.instagram.com/jackie4norfolk,,VA,"Norfolk City Council, Superward 7"
"Lindsay Gottorff, LMSW, MPH",https://www.lindsaygottorff.com,https://www.facebook.com/gottorff4evans,https://twitter.com/gottorff4evans,https://www.instagram.com/gottorff4evans,,NY,Evans Town Council
Marshall Kilgore,,https://www.facebook.com/vicechairkilgore/,https://twitter.com/marshallkilgore?lang=en,https://www.instagram.com/marshall4thecity/?hl=en,,MI,Kalamazoo City Commission
Mary Kate Feeney,http://www.feeneyforframingham.com,https://www.facebook.com/feeneyforframingham,https://twitter.com/feeney4fram,https://www.instagram.com/feeneyforframingham/,,MA,"Framingham City Council, District 3"
Kate Stutzel,,https://www.facebook.com/emersonnj2021,,https://www.instagram.com/emersonnj2021,,NJ,Emerson Town Council
Gerard Balan,https://www.betterwithbalan.com/,https://www.facebook.com/betterwithbalan/,https://twitter.com/balanwith,https://www.instagram.com/betterwithbalan/,,MN,Hopkins City Council
Destiny Hallenbeck,https://www.destinyforchatham.com/,https://www.facebook.com/destinyforchatham,https://twitter.com/destiny4chatham,https://www.instagram.com/destinyforchatham/,,NY,Chatham Town Council
Adrian Serna,https://adrianforconshy.com,https://www.facebook.com/groups/1523975467993271,,,,PA,"Conshohocken Borough Council, 2nd Ward"
Caitlin Ogden,https://www.ogdenforotsego.com/,https://www.facebook.com/caitlinogdenfordistrict3,,https://www.instagram.com/ogdenforotsego/,,NY,"Otsego County Board of Representatives, District 3"
Cricket Denton,http://cricketdenton.com,https://www.facebook.com/candidatecricket,https://twitter.com/dentoncricket,https://www.instagram.com/cricketdenton,,NJ,Upper Township Committee
Mikal Goodman,https://www.mikalforpontiac.com,https://www.facebook.com/mikalforpontiac,,,,MI,"Pontiac City Council, District 3"
Brandi Webber,https://www.brandiwebberforcitycouncil.com/,https://www.facebook.com/brandicitycouncil,https://twitter.com/brandidsmward3,https://www.instagram.com/brandicitycouncil/,,IA,"Des Moines City Council, Ward 3"
Sid Bahl,https://www.votesidbahl.com,https://www.facebook.com/votesidbahl,,,,NY,Webster Town Board
Katrina Hobbs Everett,https://www.katrinahobbseverett.com/,https://www.facebook.com/katrinahobbseverett,https://twitter.com/kathobbseverett,https://www.instagram.com/katrinahobbseverett/,,MA,Haverhill City Council
Alfred 'Shivy' Brooks,https://brooksforatl.com,https://www.facebook.com/brooksforatl,https://twitter.com/brooksforatl,https://www.instagram.com/brooksforatl,,GA,"Atlanta City Council, At-Large"
Jeffrey Mendoza,https://www.jeffreyforwaterone.com/,https://www.facebook.com/jeffreyforwaterone/,,,,KS,"Water District No. 1 of Johnson County, Seat 4"
Stacey Smith,https://staceysmithccc.wordpress.com,https://www.facebook.com/staceysmithccc,https://twitter.com/staceysmithccc,,,OH,Cincinnati City Council
Jason L. Inge,https://www.jasoninge.com,https://www.facebook.com/jinge2021,https://twitter.com/jinge2021,https://www.instagram.com/jinge2021,,VA,"Norfolk City Council, Ward 7"
Terrence Casey,https://springfieldforward.org/terrence-casey-6th-ward/,https://www.facebook.com/springfield6th,https://twitter.com/terry_casey,https://www.instagram.com/caseyforcommissioner/,,PA,"Springfield Township Commissioner, Ward 6"
Michael Careccia,https://www.michaelcareccia.com/,https://www.facebook.com/careccianc,https://twitter.com/careccianc,,,NC,Lenoir City Council
Erin Ward,https://www.eward4eb.com/,https://www.facebook.com/eward4eb,,,,PA,East Brandywine Township Supervisor
Crystal Paradis,http://paradisformayor.com/,https://www.facebook.com/cp4somersworth,https://twitter.com/paradisformayor,https://www.instagram.com/paradisformayor/,,NH,Mayor of Somersworth
Samantha Perlman,https://www.samanthaperlman.org/,https://www.facebook.com/samformarlboro/,https://twitter.com/samformarlboro,https://www.instagram.com/samformarlboro/,,MA,"Marlborough City Council, At-Large"
Chanell Elston,,https://www.facebook.com/councilwoman-chanell-elston-125199652372276/,,https://www.instagram.com/councilwomanchanellelston/,,OH,"South Euclid City Council,  At Large"
Darwin Peters II,https://www.darwinforcpsd.com,https://www.facebook.com/darwinforcpsd,,https://www.instagram.com/darwin4cpsd/,,WA,"Clover Park School District, District 3"
Megan N. Kilgore,https://www.kilgoreforcolumbus.com/,https://www.facebook.com/kilgoreforcolumbus/,,https://www.instagram.com/kilgoreforcolumbus/,,OH,Columbus City Auditor
Ukeme Awakessien Jeter,https://www.ukemeforua.com,https://www.facebook.com/ukemeforua,https://twitter.com/ukemeforua,https://www.instagram.com/ukemeforua/,,OH,"Upper Arlington City Council, At-Large"
Caitlin Wyrick,https://wyrick4loveland.com/,https://www.facebook.com/wyrick4loveland,,,,CO,"Loveland City Council, Ward IV"
Brandon Cory Goldberg,https://www.brandoncorygoldberg.com,https://www.facebook.com/brandoncorygoldberg,https://twitter.com/goldbergforatl,https://www.instagram.com/brandoncorygoldberg,,GA,"Atlanta City Council, Post 1 At-Large"
Marion T. Johnson,https://www.mariontjohnson.com/,https://www.facebook.com/mariontjohnson4durham,https://twitter.com/mariontjohnson,https://www.instagram.com/mariontjohnson4durham/,,NC,"Durham City Council, Ward 1"
Pat Peters,https://patpetersforiowa.com,https://www.facebook.com/patrick.s.peters.3/,https://twitter.com/pat_peters,https://www.instagram.com/ppeters0502/,,IA,Council Bluffs Community School Board of Education
Amber Sellers,https://sellers4lawrence.org,https://www.facebook.com/sellers4lcc,https://twitter.com/ambrwavz,,,KS,Lawrence City Commission
Justin Tseng,https://www.justin4medford.com,https://www.facebook.com/justin4medford,https://twitter.com/justin4medford,https://www.instagram.com/justin4medford/,,MA,"Medford City Council, At-Large"
Amanda Chavez,https://www.amandachavezforsantafe.com/,https://www.facebook.com/amandachavezforsantafe,,,,NM,"Santa Fe City Council, District 4"
Blanca Ilean Soto,,https://www.facebook.com/blancasotoforcitycommission,,,,KS,Dodge City Council
Jon Haddad,https://jonforwestland.com,,,,,MI,Westland City Council
Dustin Wimbish,https://www.wimbish4delegate.com,,,,,VA,"Virginia House, District 8"
Cole Robinson,https://coleforpv.com,https://www.facebook.com/coleforpv,https://twitter.com/coleforpv,,,KS,"Prairie Village City Council, Ward 1"
Justyn Lewis,https://www.justynlewis.com,https://www.facebook.com/justyn4dsm/,https://twitter.com/justyn4dsm,https://www.instagram.com/justyn4dsm/,,IA,"Des Moines City Council, At-Large"
Suzie Schuckman,http://www.suzieforarvada2021.com,https://www.facebook.com/suzieforarvada/,,https://www.instagram.com/suzieforarvada/,,CO,"Arvada City Council, District 3"
Allyson â€œALâ€ Lewis,https://lewisforlakeland.com,,,,,FL,"Lakeland City Commissioner, Southwest District C"
Sara Dion,https://www.saraforsomerville.org,https://www.facebook.com/saraforsomerville,,https://www.instagram.com/saraforsomerville,,MA,"Somerville School Committee, Ward 7"
Alicia D. Smith,,,,,,MN,"Minneapolis Park and Recreation Board, At Large"
Ashlie Castaldo,https://www.ashlieforduluth.com,https://www.facebook.com/ashlieforduluth,https://twitter.com/ashliecity,https://www.instagram.com/ashlieforduluth/,,MN,"Duluth City Council, At-Large"
Ashley Teague,https://www.elect-ashley-teague.com,https://www.facebook.com/electateague,https://twitter.com/elect_ateague,https://www.instagram.com/elect__ateague,,NY,Webster Town Board
Dontaye Carter,https://www.dontayeformayor.com,https://www.facebook.com/dontayeformayor,https://twitter.com/dontayeformayor,https://www.instagram.com/dontayeformayor/,,GA,Mayor of Sandy Springs
Shaun Moran,https://www.lehunited.com/,https://www.facebook.com/lehunite,https://twitter.com/lehunited,,,NJ,Little Egg Harbor Township Committee
Sollie Flora,https://sollieformission.com/,https://www.facebook.com/solliefloraks,,,,KS,Mayor of Mission
Ayat Amin,https://www.ayatforcle3.com/,https://www.facebook.com/ayatforcle3,,https://www.instagram.com/ayatforcle3/,,OH,"Cleveland City Council, Ward 3"
David Robert Todisco,https://www.davidtodisco.com,https://www.facebook.com/todiscoformedford,https://twitter.com/davidrtodisco,https://www.instagram.com/davidrtodisco/,,MA,"Medford City Council, At-Large"
Ty Chum,https://www.chumforlowell.com/,https://www.facebook.com/chumforlowell/,https://twitter.com/chumforlowell,,,MA,"Lowell City Council, District 8"
Corey Barnes,,https://www.facebook.com/electcoreybarnes,,,,OH,"Avon City Council, Ward 1"
Denzel McCampbell,https://www.denzelfordetroit.com,,https://twitter.com/denzmccampbell,,,MI,Detroit City Clerk
Uriah Ward,http://uriahward.com,https://www.facebook.com/uriahforstpaul,https://twitter.com/uriahstp,https://www.instagram.com/uriahstp,,MN,"St. Paul School Board, At-Large"
Mike Mayou,https://mayouduluth.org,https://www.facebook.com/mayouduluth,https://twitter.com/mayouduluth,https://www.instagram.com/mayouduluth,,MN,"Duluth City Council, District 2"
Tameka Santiago,,https://www.facebook.com/santiagoforeftowncouncil/,,,,NY,East Fishkill Town Council
Brandon Holdridge,,https://www.facebook.com/brandonholdridge4chester,,https://www.instagram.com/brandonholdridge4chester/,,NY,Chester Town Board
Liz Gillooly,https://southoldforward.com/liz,https://www.facebook.com/lizgilloolyforsouthold,,https://www.instagram.com/lizgillooly_,,NY,Southold Town Trustee
T.C. McCourt,https://www.tcmccourt.com,https://www.facebook.com/tcmccourtnj,https://twitter.com/tcmccourtnj,https://www.instagram.com/tcmccourtnj,,NJ,Morris County Board of County Commissioners
Sheila Nezhad,https://www.sheilaforthepeople.com,https://www.facebook.com/sheilaftp,https://twitter.com/sheilaftp,https://www.instagram.com/sheilaforthepeople.com,,MN,Mayor of Minneapolis
Joel Richards,https://www.moreford4.com/,https://www.facebook.com/moreford4/,https://twitter.com/moreford4,https://www.instagram.com/moreford4/,,MA,"Boston City Council, District 4"
Stanley Martin,https://www.peoplesslateroc.com/,https://www.facebook.com/iknowstanleymartin/,https://twitter.com/iknowstanley,https://www.instagram.com/iknowstanley/,,NY,"Rochester City Council, At Large"
Yterenickia 'YT' Bell,https://www.ytformayor.com/,https://www.facebook.com/ytformayor/,https://twitter.com/ytformayor,https://www.instagram.com/bellforclarkston/,,GA,Mayor of Clarkston
Elizabeth Hawkins,https://www.elizabethforeconomy.com,https://www.facebook.com/elizabeth.for.economy,https://twitter.com/elizabeth4eb,https://www.instagram.com/elizabeth.for.economy,,PA,Economy Borough Council
Jennifer Oresti,https://www.jenoresti.com/,https://www.facebook.com/jenoresticampaign/,https://twitter.com/jenoresti,https://www.instagram.com/jenoresti/,,MI,St. Clair Shores City Council
Cliff Cawthon,https://www.cliff4kent.com/,https://www.facebook.com/cliff4kent,,https://www.instagram.com/cliff4kent/,,WA,"Kent City Council, Position 4"
Charlotte Kelly,https://www.charlotteforsomerville.com/,https://www.facebook.com/charlotteforsomerville,https://twitter.com/ckforsomerville,https://www.instagram.com/ckforsomerville/,,MA,"Somerville City Council, At-Large"
Renae Seam,https://www.electrenaeseam.com,https://www.facebook.com/electrenaeseam,,https://www.instagram.com/electrenaeseam,,WA,"Federal Way City Council, Position 6"
Shukri Olow,http://www.electshukriolow.com,https://www.facebook.com/electshukri/,https://twitter.com/electshukri,https://www.instagram.com/electshukri,,WA,"King County Council, District 5"
Guillermo Creamer Jr.,https://guillermoforwoo.com,https://www.facebook.com/creamerjr/,https://twitter.com/guillermoforwoo,https://www.instagram.com/guillermoforwoo,,MA,"Worcester City Council, At-Large"
Indira Sheumaker,,https://www.facebook.com/indira4dsm,https://twitter.com/indira4dsm,https://www.instagram.com/indira4dsm/,,IA,"Des Moines City Council, Ward 1"
Hamdi Mohamed,https://hamdiforport.com/,https://www.facebook.com/hamdiforport,https://twitter.com/hamdiforport,https://www.instagram.com/hamdiforport,,WA,"Port of Seattle Commission, Position 3"
Alexander Flood,https://www.flood4renssco.com/,https://www.facebook.com/alexfloodforrensscounty,https://twitter.com/alexflood518,,,NY,"Rensselaer County Legislature, District 4"
Theodora Skeadas,https://www.votetheo.com/,https://www.facebook.com/theoforcambridge,https://twitter.com/theodoraskeadas,https://www.instagram.com/theodoraskeadas/,,MA,"Cambridge City Council, At-Large"
Kara Crowley,https://www.electkaracrowley.com/,https://www.facebook.com/kara-crowley-for-hilliard-school-board-101728315419243/,,,,OH,Hilliard Board of Education
Alecia Cunningham,https://www.electaleciacunningham.com,,,,,WA,"University Place School Board, Position 1"
Lindsay Gillis,https://www.electlindsaygillis.com/,https://www.facebook.com/electlindsaygillis,https://twitter.com/electlgillis,https://www.instagram.com/electlindsaygillis/,,OH,Dublin School Board
Joe Nguyen,https://www.meetjoenguyen.com,https://www.facebook.com/meetjoenguyen,https://twitter.com/meetjoenguyen,https://www.instagram.com/meetjoenguyen.com,,WA,King County Executive
Shan Rose,https://www.vote4shan.com/index.php,https://www.facebook.com/planwithshan/,https://twitter.com/planwithshan?s=21,https://www.instagram.com/planwithshan1?utm_medium=copy_link,,FL,"Orlando City Commission, District 5"
Ma'Ko'Quah Abigail Jones,,,,,,KS,Lawrence City Commission
Gabriel B Franco,https://www.lehunited.com/,https://www.facebook.com/lehunite,https://twitter.com/leh_united,,,NJ,Little Egg Harbor Township Committee
Evan Holt,https://www.holtforcincinnati.com,https://www.facebook.com/voteholtforcincinnati,https://twitter.com/voteholt,https://www.instagram.com/voteholtforcincinnati,,OH,Cincinnati City Council
Kate Warren,https://www.katewarrencle.com,https://www.facebook.com/katewarrencle,https://twitter.com/katewarrencle,https://www.instagram.com/katewarrencle,,OH,"Cleveland City Council, Ward 13"
Quinn Smith,https://www.quinnformiami.com,https://www.facebook.com/quinnformiami,https://twitter.com/quinnformiami,https://www.instagram.com/quinnformiami,,FL,"Miami City Commissioner, District 3"
Jeremy Bowie,https://bowieforpontiac.com/,https://www.facebook.com/jeremy-bowie-106558288212202/,,https://www.instagram.com/bowieforpontiac/,,MI,Mayor of Pontiac
Peter Spadafore,https://www.peterspadafore.com,https://www.facebook.com/peterspadafore/,https://twitter.com/peterspadafore,https://www.instagram.com/peterspadafore/,,MI,"Lansing City Council, At-Large"
Andrea Wiltrout,https://andreawiltrout.com/,https://www.facebook.com/wiltroutfornewalbany,,https://www.instagram.com/wiltroutfornewalbany/?hl=en,,OH,"New Albany City Council, At Large"
Toshiko Grace Hasegawa,https://www.hasegawaforport.com,https://www.facebook.com/hasegawaforport,https://twitter.com/hasegawaforport,https://www.instagram.com/hasegawaforport/,,WA,"Port of Seattle Commission, Position 4"
Ken Snapp,https://www.ksnapp.com/,https://www.facebook.com/ken.snapp.7,,https://www.instagram.com/ken.snapp/?hl=en,,MI,"Detroit City Council, District 4"
Dr. Anne Keke,http://annekeke.com/,https://www.facebook.com/annekeke4aps,,https://www.instagram.com/anne.keke4aps/,,CO,"Aurora Public School Board of Education, Arapahoe District"
Rena Shak,https://www.renashakforjudge.com/,https://www.facebook.com/renashakforjudge,,https://www.instagram.com/renashak_forjudge,,OH,Franklin County Municipal Court Judge
Deidra Harper,https://www.deidrafordistrict6.com,https://www.facebook.com/deidrafordistrict6,https://twitter.com/deidraharperd6,https://www.instagram.com/deidrafordistrict6,,TN,"Knoxville City Council, District 6"
Melissa Cheatham,https://www.melissaop.com/,https://www.facebook.com/melissaforop,https://twitter.com/melissacinop,,,KS,"Overland Park City Council, Ward 2"
Sophia Mayott-Guerrero,https://sophiaforcolorado.com/,https://www.facebook.com/sophia4lakewood,,,,CO,"Lakewood City Council, Ward 2"
Dan Stinger,http://www.danstinger.com,https://www.facebook.com/dan.d.stinger.nj,,https://www.instagram.com/danstinger.nj,,NJ,"New Jersey Senate, District 30"
Mario Clopton-Zymler,https://www.mario4tigernation.com,https://www.facebook.com/mario4tigernation,,,,OH,Cleveland Heights-University Heights Board of Education
J. Matt Nickels,https://jmattnickels.com,https://www.facebook.com/nickelsforcinci,https://twitter.com/nickelsforcincy,https://www.instagram.com/nickelsforcinci,,OH,Cincinnati City Council
John Ronquillo,https://johnronquillo.com/,https://www.facebook.com/john4aurora,https://twitter.com/john4aurora,https://www.instagram.com/john4aurora/,,CO,"Aurora City Council, At-Large"
Joseph Signorello,,https://www.facebook.com/joesig,https://twitter.com/joesignorello3,,,NJ,"New Jersey Senate, District 21"
Zack Zappone,https://zackzappone.com/,https://www.facebook.com/votezackzappone,https://twitter.com/zackzappone,https://www.instagram.com/votezackzappone,,WA,"Spokane City Council, District 3, Position 2"
Irene Shin,https://www.ireneforva.com/,https://www.facebook.com/ireneforva,https://twitter.com/ireneshintweets,https://www.instagram.com/ireneforvirginia/,,VA,"Virginia House, District 86"
Elizabeth Bennett-Parker,http://www.elizabethfordelegate.com,https://www.facebook.com/ebpforva,https://twitter.com/ebpforva,https://www.instagram.com/ebpforva,,VA,"Virginia House, District 45"
Shekar Krishnan,https://www.voteshekar.com,https://www.facebook.com/voteshekar,,https://www.instagram.com/voteshekar,,NY,"New York City Council, District 25"
Taiba Sultana,https://www.taibasultana.com/,https://www.facebook.com/tsultana2021,https://twitter.com/tsultana2021,https://www.instagram.com/tsultana2021,,PA,"Easton City Council, District 3"
Aleda Gagarin,https://www.aledaforcouncil.com/,https://www.facebook.com/aledaforcouncil/,https://twitter.com/aledagagarin,https://www.instagram.com/aleda.gagarin,,NJ,"New York City Council, District 29"
Kenya Handy-Hilliard,https://www.kenyaforthepeople.com/,https://www.facebook.com/kenyaforthepeople2021,https://twitter.com/kenya4thepeople,https://www.instagram.com/kenyaforthepeople2021/,,NY,"New York City Council, District 40"
Mino Lora,https://www.minoforthebronx.com,https://www.facebook.com/minoforthebronx,https://twitter.com/minolora,https://www.instagram.com/minoforthebronx/,,NY,"New York City Council, District 11"
Yenni Desroches,https://www.yenniforcouncil.com,https://www.facebook.com/voteyenni,https://twitter.com/yennidesroches,https://www.instagram.com/yenniforcouncil,,MA,"Worcester City Council, District 5"
Bethani Cameron,https://bethaniforcitycouncil.com,https://www.facebook.com/bethaniforcitycouncil/,https://twitter.com/bethanicameron,https://www.instagram.com/bethaniforcitycouncil,,PA,"Pittsburgh City Council, District 4"
"Ayesha M. Wilson, MSW",https://www.voteayesha.com/,https://www.facebook.com/voteayesha,https://twitter.com/vote_ayesha,https://www.instagram.com/voteayesha/,,MA,Cambridge School Committee
Alyia Gaskins,https://www.alyiaforalexandria.com,https://www.facebook.com/alyia4alx,https://twitter.com/alyia4alx,https://www.instagram.com/alyia4alx,,VA,Alexandria City Council
Matt Shorraw,https://www.shorrawformonessen.com/,https://www.facebook.com/mattformonessenmayor,https://twitter.com/mattshorraw,,,PA,Mayor of Monessen
Chi OssÃ©,,,,,,NY,"New York City Council, District 36"
Adolfo Abreu,https://adolfo.nyc/,https://www.facebook.com/adolfoforcouncil/,https://twitter.com/adolfo4council,https://www.instagram.com/adolfo4council/?hl=en,,NE,"New York City Council, District 14"
Elizabeth Adams,https://www.elizabethadams.nyc/,https://www.facebook.com/elizabethadamsnyc/,https://twitter.com/elizabadams,https://www.instagram.com/elizabethforbk/,,NY,"New York City Council, District 33"
Kendra Hicks,,,,,,MA,"Boston City Council, District 6"
Tricia Shimamura,https://triciaforny.nyc/,https://www.facebook.com/tricia4nyc,https://twitter.com/tricia4nyc,https://www.instagram.com/tricia4nyc/,,NY,"New York City Council, District 5"
Pierina Sanchez,https://www.pierinasanchez.nyc,https://www.facebook.com/pierinasancheznyc,https://twitter.com/pisancheznyc,https://www.instagram.com/pierinasancheznyc/,,NY,"New York City Council, District 14"
Jill Basile,,https://www.facebook.com/jillbasileforotsego14,,,,NY,"Otsego County Board, District 14"
Steven D. Patzer,http://stevenpatzer.com,https://www.facebook.com/steven.patzer.7/,https://twitter.com/stevendpatzer,https://www.instagram.com/stevendpatzer/,,NY,"New York City Council, District 47"
Alex Gray,https://www.votealexgray.com/,https://www.facebook.com/votealexgray,https://twitter.com/alexjgray,https://www.instagram.com/votealexgray,,MA,"Boston City Council, At Large"
Lincoln Restler,https://lincolnforcouncil.com,https://www.facebook.com/lincolnrestlerforcitycouncil,https://twitter.com/lincolnrestler,https://www.instagram.com/lincolnforcouncil,,NY,"New York City Council, District 33"
Kelsey Waits,,,,,,MN,Hastings School Board ISD 200
Justan Foster,https://www.fosterrensco.com/,https://www.facebook.com/fosterrensco,,,,NY,Rensselaer County Clerk
Melanie Arroyo,http://www.melanie4lenexa.com,https://www.facebook.com/melanie4lenexa,https://twitter.com/melanie4lenexa,,,KS,"Lenexa City Council, Ward 3"
Bridgette Craighead,https://www.bridgettefordelegate.com/,https://www.facebook.com/bridgettefordelegate/,https://twitter.com/bridgetteforyou,https://www.instagram.com/bridgettefordelegate/,,VA,"Virginia  House, District 9"
KeanuÃº Smith-Brown,http://www.ksbward3.com,https://www.facebook.com/ksbward3,https://twitter.com/president_ksb,https://www.instagram.com/president_ksb/,,MD,"Annapolis City Council, Ward 3"
Rebekah Stewart,https://rebekahforlakewood.com,https://www.facebook.com/rebekahforlakewood,,,,CO,"Lakewood City Council, Ward 3"
Aisia Jones,http://www.aisiaforcleveland.com,https://www.facebook.com/aisiajones4ward8,,https://www.instagram.com/aisiajonesforward8_cle,,OH,"Cleveland City Council, Ward 8"
Giselle Martinez,https://www.martinezfornewburgh.com,https://www.facebook.com/martinezforward1,,https://www.instagram.com/martinezforward1,,NY,"Newburgh City Council, Ward 1"
Gabriella Romero,https://www.gabriellaforalbany.com,https://www.facebook.com/gabriellaforalb,https://twitter.com/gabriellaforalb,https://www.instagram.com/gabriellaforalb,,NY,"Albany Common Council, Ward 6"
Judy Pineda Neufeld,https://www.judyforsomerville.com/,https://www.facebook.com/judyforsomerville,https://twitter.com/judyforward7,https://www.instagram.com/judyforsomerville/,,MA,"Somerville City Council, Ward 7"
Gabriela Santiago-Romero,http://gabrielasantiagoromero.com/,https://www.facebook.com/gabysantiagoromero,https://twitter.com/gabysantiromero,https://www.instagram.com/gabysantiagoromero/,,MI,"Detroit City Council, District 6"
Laura Rodriguez-Carbone,https://www.lauraforlakewood.com,https://www.facebook.com/lauraforlakewood,https://twitter.com/laura4lakewood,https://www.instagram.com/lauraforlakewood,,OH,"Lakewood City Council, At-Large"
Christopher Coburn,https://www.coburnforbozeman.com,https://www.facebook.com/coburnforbozeman,,https://www.instagram.com/coburnforbozeman/,,MT,"Bozeman City Commission, At-Large"
Nadarius Clark,https://www.clarkfordelegate.com/,https://www.facebook.com/nadariusclarkfordelegate,https://twitter.com/nadariusclarkva,https://www.instagram.com/clarkfordelegate/,,VA,"Virginia House, District 79"
Megan Dougherty,https://megandougherty.com/,https://www.facebook.com/groups/195464718767155,,,,OH,Springfield Township Trustee
Harris Weiss,https://www.weissforcountyclerk.com/,https://www.facebook.com/weissforcountyclerk,,,,NY,Broome County Clerk
Jeslin Shahrezaei,https://jeslin4lakewood.com/,https://www.facebook.com/jeslinward1,,,,CO,"Lakewood City Council, Ward 1"
Fernando Branch,https://www.branchforcentennial.com,https://www.facebook.com/branch4centennial,https://twitter.com/branchforcenten,https://www.instagram.com/branch4centennial,,CO,"Centennial City Council, District 1"
Sam Johnson,https://www.samjohnsonformayor.com/,https://www.facebook.com/samjohnsonformayor,https://twitter.com/sampjohnson,https://www.instagram.com/sampjohnson/,,SC,Mayor of Columbia
Carrie Budzinski,https://carrieforlivoniacouncil.com/,https://www.facebook.com/carriebudzinskilivonia,,https://www.instagram.com/carriedawaydetroit/,,MI,Livonia City Council
Obi Ezeadi,https://www.voteobi.com,https://www.facebook.com/voteobi,https://twitter.com/ocezeadi,https://www.instagram.com/voteobi/,,CO,"Westminster City Council, At-Large"
Bridget O'Toole,https://www.otooleforgreece.com/,https://www.facebook.com/otooleforgreece,,https://www.instagram.com/otooleforgreece/,,NY,Greece Town Justice
Jae Moyer,http://www.jaemoyer.com,https://www.facebook.com/jaeforjccc,https://twitter.com/jaeforjccc,,,KS,Johnson County Community College Board of Trustees
Sophia Garcia-Jackson,https://sophiaforcoroner.com/,https://www.facebook.com/sophiaforcoroner,,,,PA,Chester County Coroner
"Kristen Runge - Tax Collector, Springfield PA",https://springfieldforward.org/kristen-runge-tax-collector/,https://www.facebook.com/rungetaxcollector,,https://www.instagram.com/springfieldforwardpa/,,PA,Springfield Township Tax Collector
Anthony Owusu Afriyie,http://www.linkedin.com/in/sovereign365,,,,,CT,Stratford Planning Commission
Rhett Deitz,https://www.deitz4delegate.com/,https://www.facebook.com/deitz4delegate,https://twitter.com/deitz4delegate,,,VA,"Virginia House, District 14"
Kate Miya,https://www.kateforthornton.com/,https://www.facebook.com/kateforthornton,,,,CO,"Thornton City Council, Ward 3"
Carolyn D Hoffman,https://www.carolynforthecounty.com/,https://www.facebook.com/carolyn-for-the-county-105770534789439,https://twitter.com/carolyn4county,https://www.instagram.com/carolynforthecounty/,,NY,"Monroe County Legislature, District 25"
Allosious Snodgrass (Al),https://www.alsnodgrass.com,https://www.facebook.com/ch4snodgrass,https://twitter.com/ch4snodgrass,https://www.instagram.com/ch4snodgrass/,,OH,Cleveland Heights City Council
Ruthzee Louijeune,https://www.ruthzeeforboston.com,https://www.facebook.com/ruthzeeforboston,https://twitter.com/ruthzee4boston,https://www.instagram.com/ruthzeeforboston/,,MA,"Boston City Council, At-Large"
KevindaryÃ¡n LujÃ¡n,https://www.lujan4newburgh.com/,https://www.facebook.com/kevindaryanlujan,,https://www.instagram.com/kevindaryan/,,NY,"Orange County Legislature, 4th Legislative District"
Willie Burnley Jr,https://www.willieforsomerville.com,https://www.facebook.com/willieforsomerville,https://twitter.com/willieburnleyjr,https://www.instagram.com/willieforsomerville/,,MA,"Somerville City Council, At-Large"
Tom Anderson,https://reimaginempls.com/,https://www.facebook.com/reimaginempls,https://twitter.com/reimaginempls,https://www.instagram.com/reimaginempls,,MN,"Minneapolis City Council, Ward 2"
Jonathon Akkari,https://www.jonfordearborn.com/,https://www.facebook.com/jonfordearborn,https://twitter.com/jonakkari,,,MI,Dearborn City Council
Stephon Williams,https://www.stephonforchange.com,https://www.facebook.com/stephonforchange,https://twitter.com/stephon4change,https://www.instagram.com/stephon4change,,NY,"Onondaga County Legislator, District 4"
Cory Thoma,,https://www.facebook.com/cory4hempfield,,,,PA,"Hempfield Area School Board, At Large"
Tyler Irish,https://www.tylerirish4dutchess.com/,https://www.facebook.com/tyleririshfordutchess,,,,NY,"Dutchess County Legislature, District 24"
Jason Chavez,https://www.jasonchavez.org/,https://www.facebook.com/jasonchavezforward9,https://twitter.com/chavezforward9,https://www.instagram.com/jasonchavezward9/,,MN,"Minneapolis City Council, Ward 9"
Mico Lucide,https://www.lucideforclerk.com/,https://www.facebook.com/lucideforclerk,https://twitter.com/micolucide,https://www.instagram.com/lucideforclerk/,,NJ,Atlantic County Clerk
Danielle Chesek,,https://www.facebook.com/daniellechesekforscrantonschoolboard,,,,PA,Scranton School Board
Joe Bennett,https://www.electjoebennett.com,https://www.facebook.com/electjoebennett,https://twitter.com/electjoebennett,https://www.instagram.com/electjoebennett,,NY,"Onondaga County Legislator, District 15"
Nick Kor,https://www.nickkor.com/,https://www.facebook.com/neighborsfornick,https://twitter.com/neighbors4nick,https://www.instagram.com/nicholasnkor/,,MN,"Minneapolis City Council, Ward 7"
Ty Gardner,https://tyforop.com,https://www.facebook.com/tyforop,https://twitter.com/tyforop,https://www.instagram.com/tyforop,,KS,"Overland Park City Council, Ward 4"
John Malchow,http://www.votewatchung.com,https://www.facebook.com/votewatchung/,https://twitter.com/votewatchung,https://www.instagram.com/votewatchung/,,NJ,"Watchung Borough Council, At Large"
Canek Aguirre,https://www.canekforcouncil.com/,https://www.facebook.com/canekforcouncil,https://twitter.com/canekforcouncil,https://www.instagram.com/canekforcouncil/,,VA,Alexandria City Council
Dillon Gherna,https://www.dgmpls.com,https://www.facebook.com/dgmpls,https://twitter.com/dillongherna,https://www.instagram.com/dgmpls/,,MN,"Minneapolis City Council, Ward 11"
Justan Parker Fields,https://www.justan4allentown.com,https://www.facebook.com/justan4allentown,https://twitter.com/jpfallentown,https://www.instagram.com/justan4allentown/,,PA,Allentown City Council
John Bohuniek,https://www.bohuniek4dutchess.com/,https://www.facebook.com/bohuniek4dutchess,https://twitter.com/bohuniek4cl15,https://www.instagram.com/bohuniek4dutchess/,,NY,"Dutchess County Legislature, District 15"
Kim-Khanh Van,https://www.electkimkhanhvan.com/,https://www.facebook.com/electkimkhanhvan,https://twitter.com/electkimkhanh,https://www.instagram.com/electkimkhanhvan/,,WA,"King County Council, District 9"
Stephen McBride,https://www.mcbrideforboston.com,https://www.facebook.com/mcbride4boston,https://twitter.com/mcbride4boston,,,MA,"Boston City Council, District 3"
Jennifer Kitchen,https://www.electjenniferkitchen.com/,https://www.facebook.com/jenniferkitchen25th,https://twitter.com/jk4delegate,https://www.instagram.com/jenni_kitchen,,VA,"Virginia House, District 25"
James Lewis,https://www.jameslewisva.com,https://www.facebook.com/jameslewisva,https://twitter.com/jameslewisva,https://www.instagram.com/jameslewisva/,,VA,"Alexandria City Council, At-Large"
Dr. Aditi Bussells,https://www.aditiforthecity.com,https://www.facebook.com/aditiforthecity,https://twitter.com/aditisrivastav,https://www.instagram.com/aditiforthecity,,SC,"Columbia City Council, At-Large"
Lezlie Braxton Campbell,https://votelezlie.com/,https://www.facebook.com/votelezlie/,https://twitter.com/votelezlie,https://www.instagram.com/votelezlie,,MA,"Springfield City Council, Ward 3"
Becca Miller,https://www.beccaforsomerville.com/,https://www.facebook.com/beccaforward7,https://twitter.com/beccaforward7,https://www.instagram.com/beccaforsomerville/,,MA,"Somerville City Council, Ward 7"
Patrick Palmer,,https://www.facebook.com/palmer4citycouncil,,https://www.instagram.com/palmerforthepeople,,PA,Allentown City Council
Alexandra Dermody,,https://www.facebook.com/alexandra-dermody-for-7th-ward-111718710972727,,,,IA,"Davenport City Council, Ward 7"
Joar F. K. Dahn,http://www.jfkdahn.com,https://www.facebook.com/jfkdahnfordarbymayor,https://twitter.com/jfkdahnformayor,https://www.instagram.com/jfkdahnfordarbymayor,,PA,Mayor of Darby Borough
Victoria Watlington,http://www.winwithwatlington.com,https://www.facebook.com/watlington4clt,https://twitter.com/watlington4clt,https://www.instagram.com/watlington4clt,,NC,"Charlotte City Council, District 3"
Nick Ferrante,https://www.nick4mayor2021.com/,https://www.facebook.com/nick4mayor2021,https://twitter.com/nick4mayor2021,https://www.instagram.com/nick4mayor2021,,GA,Mayor of Peachtree City
James Ryan,,https://www.facebook.com/jamesryanofficial,,,,MA,"Springfield City Council, At-Large"
Jivan Sobrinho-Wheeler,https://www.votejivan.com/,https://www.facebook.com/jivanforcambridge,https://twitter.com/votejivan,https://www.instagram.com/votejivan,,MA,"Cambridge City Council, At-Large"
Claire Owens,https://www.voteclaireowens.com,https://www.facebook.com/voteclaireowens,,https://www.instagram.com/voteclaireowens,,NY,"Dutchess County Legislature, District 19"
David Hamilton,http://www.hamilton4troy.com,https://www.facebook.com/hamilton4troy/,https://twitter.com/dhamilton4troy,https://www.instagram.com/hamilton4troy/,,MI,Troy City Council
Suhas Subramanyam,https://suhasforvirginia.com,https://www.facebook.com/suhasforva,https://twitter.com/suhasforva,https://www.instagram.com/suhasforva,,VA,"Virginia House, District 87"
Patrick Martin,https://patrickforbloomington.com/,https://www.facebook.com/patrickforbloomington,,,,MN,"Bloomington City Council, District IV"
Elliot Gelfand,https://www.elliotgelfand.org/,https://www.facebook.com/elliotgelfandmdj,https://twitter.com/elliotgelfand,https://www.instagram.com/elliotgelfand/,,PA,Clearfield County Magistrate Judge
Jenna Curcio,https://www.curcioforgreece.com/,https://www.facebook.com/curcioforgreece,https://twitter.com/curcioforgreece,https://www.instagram.com/curcioforgreece,,NY,"Greece Town Board, Ward 2"
Matt Johnson,https://www.votemattjohnson.com/,https://www.facebook.com/mattforlegislator/,https://twitter.com/matt4countyleg,https://www.instagram.com/johnsonforcountylegislator/,,NY,"Onondaga County Legislator, District 3"
Aisha Chughtai,https://www.aishaforward10.com,https://www.facebook.com/aishaforward10,https://twitter.com/aishaforward10,https://www.instagram.com/aishaforward10,,MN,"Minneapolis City Council, Ward 10"
Julia Forman,https://www.votejulia.com,https://www.facebook.com/juliaforqueens,https://twitter.com/julia_forman,https://www.instagram.com/juliainqueens,,NY,"New York City Council, District 26"
Amit Singh Bagga,https://amitforcouncil.com/,https://www.facebook.com/amit-for-council-106430681288858/,https://twitter.com/amitsinghbagga?lang=en,https://www.instagram.com/amitforcouncil/?hl=en,,NY,"New York City Council, District 26"
Joshua Cole,https://jgcole.org,https://www.facebook.com/jcole4va/,https://twitter.com/joshuacole,https://www.instagram.com/jcole4va/,,VA,"Virginia House, District 28"
Dave Stockton,https://hatborodems.org/dave,https://www.facebook.com/hatborodems,,https://www.instagram.com/hatborodems/,,PA,Hatboro Borough Council
Jamie Piotrowski,https://www.jamieforschoolboard.com/,https://www.facebook.com/jamie4schoolboard,https://twitter.com/jamiepio_pgh,https://www.instagram.com/jamie4schoolboard,,PA,"Pittsburgh Public School Board, District 7"
Dr. Tyler Titus (they/them),https://www.tylertitus.com/,https://www.facebook.com/electtylertitus,https://twitter.com/tylerjamestitus,,,PA,Erie County Executive
Shenise Turner-Sloss,https://www.shenisefordayton.com,https://www.facebook.com/turnersloss,https://twitter.com/turnersloss,https://www.instagram.com/turnersloss,,OH,Dayton City Council
Xander Orenstein,https://www.xander4mdj.com,https://www.facebook.com/xander4mdj/,https://twitter.com/xander4mdj,,,PA,"Pittsburgh District Magistrate, District 05-03-10"
David Halbert,https://david4boston.com/,https://www.facebook.com/votehalbert,https://twitter.com/votehalbert,https://www.instagram.com/votehalbert/,,MA,"Boston City Council, At-Large"
Sarah DeStasio,https://www.sarahforthecity.com,https://www.facebook.com/sarahforthecity,,https://www.instagram.com/sarahforthecity,,WA,"Olympia City Council, Position 6"
Andrew Grant Houston,http://www.agh4sea.com,https://www.facebook.com/agh4sea,https://twitter.com/agh4sea,https://www.instagram.com/agh4sea/,,WA,Mayor of Seattle
India Walton,http://indiawalton.com/,https://www.facebook.com/indiabwalton,https://twitter.com/indiawaltonbflo,https://www.instagram.com/indiawaltonforbuffalo/,,NY,Mayor of Buffalo
Aissa C. Heath,https://www.ld20progressivedems.com/,https://www.facebook.com/krychiwheathcastanedald20,https://twitter.com/progdems4ld20,https://www.instagram.com/progdems4ld20,,NJ,"New Jersey Assembly, District 20"
Clarissa Cervantes,https://clarissacervantes.com,https://www.facebook.com/clarissacervantesforriverside,,https://www.instagram.com/clarissacervantesforriverside/?fbclid=iwar3ukgbvhc-d0isht_kb14vboqhocggl6cjs2ddqlw3mvvbqooyoeuf_xyg,,CA,"Riverside City Council, Ward 2"
Rebecca Town,,,,,,NY,Buffalo City Court Judge
Miranda Schubert,https://mirandaforward6.com/,https://www.facebook.com/mirandaforward6tucson,https://twitter.com/mirandaforward6,https://www.instagram.com/mirandaforward6tucson/,,AZ,"Tucson City Council, Ward 6"
Christopher Jaramillo,https://sites.google.com/view/chrisjfornasdschoolboard/home,https://www.facebook.com/votechrisj,,,,PA,Norristown Area School District Board of School Directors
Lydia Laythe,,https://www.facebook.com/electlydialaythe/,,https://www.instagram.com/electlydialaythe/,,PA,"Erie County Council, District 6"
Jason Dozier,https://votedozier.com,https://www.facebook.com/votejasondozier,https://twitter.com/votejasondozier,https://www.instagram.com/votejasondozier,,GA,"Atlanta City Council, District 4"
Aryeh Alex,https://www.aryehalex.com,https://www.facebook.com/citizensforalex/,https://twitter.com/iaryeh,https://www.instagram.com/citizens_for_alex,,OH,Franklin Township Trustee
Amanda FarÃ­as,https://www.amandafarias.nyc/,https://www.facebook.com/amandafariasnyc/,https://twitter.com/amandafariasnyc,https://www.instagram.com/amandafarias.nyc/,,NY,"New York City Council, District 18"
Briana Sewell,https://sewellfordelegate.com,,,,,VA,"Virginia House of Delegates, District 51"
Marjorie VelÃ¡zquez,https://www.mvelaz.nyc/,https://www.facebook.com/mvelaznyc,https://twitter.com/mvelaznyc,https://www.instagram.com/mvelaznyc/,,NY,"New York City Council, District 13"
Jaslin Kaur,https://jaslinkaur.nyc/,https://www.facebook.com/jaslinforqueens,https://twitter.com/jaslinforqueens,https://www.instagram.com/jaslinforqueens/,,NY,"New York City Council, District 23"
Nantasha Williams,http://www.nantasha2021.com,https://www.facebook.com/nantasha2021,https://twitter.com/nantasha2021,https://www.instagram.com/nantasha2021,,NY,"New York City Council, District 27"
Felicia Singh,https://www.felicia2021.com/,https://www.facebook.com/feliciasingh2021,https://twitter.com/fsingh_nyc,https://www.instagram.com/feliciasingh2021/,,NY,"New York City Council, District 32"
Jennifer Gutierrez,https://www.jennifergutierrez2021.com/,,https://twitter.com/jengutierreznyc,https://www.instagram.com/jengutierreznyc/,,NY,"New York City Council, District 34"
Juan Ardila,https://www.juanforthepeople.com/,https://www.facebook.com/juanardilanyc/photos/p.100707361549371/100707361549371/?type=1&theater,https://twitter.com/juanardilanyc?lang=en,https://www.instagram.com/juanardila_nyc/?hl=en,,NY,"New York City Council, District 30"
David Snyder,http://www.davidsnyderformayor.com,https://www.facebook.com/davidsnyderformayor,https://twitter.com/dsnyderformayor,https://www.instagram.com/davidsnyderformayor,,NY,Mayor of Saratoga Springs
Crystal Hudson,https://www.crystalforbk.com/,https://www.facebook.com/crystalforbk,https://twitter.com/crystalrhudson,https://www.instagram.com/chudchud/,,NY,"New York City Council, District 35"
Tiffany CabÃ¡n,https://cabanforqueens.com,https://www.facebook.com/cabanforqueens,https://twitter.com/tiffany_caban,https://www.instagram.com/cabanforqueens/,,NY,"New York City Council, District 22"
Justin Bibb,http://www.bibbforcle.com,https://www.facebook.com/justinbibbforcle,https://twitter.com/bibbforcle,https://www.instagram.com/bibbforcle,,OH,Mayor of Cleveland
Amoy Barnes,https://www.amoybarnes.com,https://www.facebook.com/amoyforcouncil/,https://twitter.com/amoyforcouncil?lang=en,https://www.instagram.com/amoyforcouncil/,,NY,"New York City Council, District 49"
Danny Ceisler,https://www.ceislerforda.com,https://www.facebook.com/ceislerforda,,https://www.instagram.com/ceislerforda,,PA,Bucks County (PA) District Attorney
Amber Adler,http://amberadler.com/,https://www.facebook.com/theamberadler,https://twitter.com/amberadlernyc,,,NY,"New York City Council, District 48"
Sara Lind,https://www.saralind.nyc/,https://www.facebook.com/saralind2021,https://twitter.com/saraklind,https://www.instagram.com/saraklind/,,NY,"New York City Council, District 6"
Wilfredo Florentino,https://wilfredoflorentino.com/,https://www.facebook.com/wilfredoflorentinoeny/,https://twitter.com/wilfredobklyn,https://www.instagram.com/teamwilfredoflorentino/,,NY,"New York City Council, District 42"
Elisa Crespo,https://www.elisacrespo.com/,https://www.facebook.com/elisacrespony1,https://twitter.com/elisacresponyc,https://www.instagram.com/elisacresponyc,,NY,"New York City Council, District 15"
Shahana Hanif,https://shahanafrombk.com/,https://www.facebook.com/shahanafrombk,https://twitter.com/shahanafrombk,https://www.instagram.com/shahanafrombk/,,NY,"New York City Council, District 39"
Olivia Drabczyk,http://www.oliviadrabczyk.com,https://www.facebook.com/oliviaforsouthshore,https://twitter.com/oliviadrabczyk,https://www.instagram.com/oliviadrabczyk/,,NY,"New York City Council, District 51"
Althea Stevens,https://www.althea4citycouncil.org/,https://www.facebook.com/astevens16/,https://twitter.com/althea4thebx,https://www.instagram.com/althea_stevens_d16/,,NY,"New York City Council, District 16"
Zeke Rediker,http://zekeforjudge.com,https://www.facebook.com/zekeforjudge,https://twitter.com/zekeforjudge,https://www.instagram.com/zekeforjudge,,PA,Allegheny County Court of Common Pleas
Gerald T Reiner Jr.,http://www.reiner4teaneck.com,,,,,NJ,Teaneck Township Board of Education
A. Tom Hasani,http://www.tomhasani.com,https://www.facebook.com/tamim.hasani,,,,PA,"Upper Moreland Township Board of School Directors, At Large"
Kayla Cocci,,https://www.facebook.com/cocci-for-ridley-school-board-107411571389528,,https://www.instagram.com/cocciforschoolboard/,,PA,"Ridley School Board, At Large"
Sandy Nurse,https://sandyforcouncil.com/en/,https://www.facebook.com/sandyforcouncil21/,https://twitter.com/sandyforcouncil,https://www.instagram.com/sandyforcouncil21/,,NY,"New York City Council, District 37"
Lisa Smith,https://www.lisaforarvada.com/,https://www.facebook.com/lisaforarvada,https://twitter.com/lisasmitharvada,,,CO,"Arvada City Council, At-Large"
Halla Henderson,https://www.hallaforspps.com/,https://www.facebook.com/hallaforspps,https://twitter.com/hallaforspps,https://www.instagram.com/hallaforspps,,MN,"St. Paul School Board, At-Large"
Bob Murrell,http://bob4districta.com,https://www.facebook.com/bob4districta,https://twitter.com/bob4districta,https://www.instagram.com/bob4districta,,LA,"New Orleans City Council, District A"
Christopher Marte,https://www.votemarte.com,https://www.facebook.com/chrismartenyc,https://twitter.com/chrismartenyc,https://www.instagram.com/chrismartenyc,,NY,"New York City Council, District 1"
Kristin Andrzejewski,http://www.kristinforcouncil.com,https://www.facebook.com/kristinforsyrcouncil,,https://www.instagram.com/kristinforcouncil,,NY,"Syracuse Common Council, District 5"
Marti Gould Allen-Cummings,https://www.martiformanhattan.com/,https://www.facebook.com/martigcummings,https://twitter.com/martigcummings,https://www.instagram.com/martigcummings/,,NY,"New York City Council, District 7"
Dr. Priya Bhat-Patel,https://www.priyabhatpatel.com,https://www.facebook.com/drpriyabhatpatel,https://twitter.com/priyabhatpatel,https://www.instagram.com/priyabhatpatel/,,CA,"Carlsbad City Council, District 3"
